{
	"info": {
		"_postman_id": "f2093072-6d04-4248-bcc0-48a5ec32e8e8",
		"name": "CoderHouse",
		"schema": "https://schema.getpostman.com/json/collection/v2.1.0/collection.json"
	},
	"item": [
		{
			"name": "http://localhost:8080/comprobante/1",
			"request": {
				"method": "GET",
				"header": [],
				"url": {
					"raw": "http://localhost:8080/comprobante/1",
					"protocol": "http",
					"host": [
						"localhost"
					],
					"port": "8080",
					"path": [
						"comprobante",
						"1"
					]
				}
			},
			"response": []
		},
		{
			"name": "http://localhost:8080/comprobante",
			"request": {
				"method": "GET",
				"header": [],
				"url": {
					"raw": "http://localhost:8080/comprobante",
					"protocol": "http",
					"host": [
						"localhost"
					],
					"port": "8080",
					"path": [
						"comprobante"
					]
				}
			},
			"response": []
		},
		{
			"name": "http://localhost:8080/cliente",
			"request": {
				"method": "POST",
				"header": [],
				"body": {
					"mode": "raw",
					"raw": "{\r\n    \r\n    \"cantidad\":10,\r\n    \"codigo\":10,\r\n    \"descripcion\":\"Avena\",\r\n    \"precio\": 100.36\r\n}",
					"options": {
						"raw": {
							"language": "json"
						}
					}
				},
				"url": {
					"raw": "http://localhost:8080/producto",
					"protocol": "http",
					"host": [
						"localhost"
					],
					"port": "8080",
					"path": [
						"producto"
					]
				}
			},
			"response": []
		},
		{
			"name": "http://localhost:8080/cliente",
			"request": {
				"method": "GET",
				"header": [],
				"url": {
					"raw": "http://localhost:8080/cliente",
					"protocol": "http",
					"host": [
						"localhost"
					],
					"port": "8080",
					"path": [
						"cliente"
					]
				}
			},
			"response": []
		},
		{
			"name": "http://localhost:8080/producto/1",
			"request": {
				"method": "GET",
				"header": [],
				"url": {
					"raw": "http://localhost:8080/producto/1",
					"protocol": "http",
					"host": [
						"localhost"
					],
					"port": "8080",
					"path": [
						"producto",
						"1"
					]
				}
			},
			"response": []
		},
		{
			"name": "http://localhost:8080/producto",
			"request": {
				"method": "GET",
				"header": [],
				"url": {
					"raw": "http://localhost:8080/producto",
					"protocol": "http",
					"host": [
						"localhost"
					],
					"port": "8080",
					"path": [
						"producto"
					]
				}
			},
			"response": []
		},
		{
			"name": "http://localhost:8080/comprobante",
			"request": {
				"method": "POST",
				"header": [],
				"body": {
					"mode": "raw",
					"raw": "{\r\n    \r\n    \"cliente\": {\r\n        \"clienteid\":1\r\n    },\r\n    \"lineas\" : [ {\r\n        \"cantidad\": 1,\r\n        \"producto\" : {\r\n            \"productoid\":1\r\n        }\r\n    }\r\n    ]\r\n}",
					"options": {
						"raw": {
							"language": "json"
						}
					}
				},
				"url": {
					"raw": "http://localhost:8080/comprobante",
					"protocol": "http",
					"host": [
						"localhost"
					],
					"port": "8080",
					"path": [
						"comprobante"
					]
				}
			},
			"response": []
		}
	]
}